  {
    "date1": "2019-04-05 11:05:00",
    "IN": 0.10750392539,
    "OUT": 0.014433062427
  }
  
